Country,CAPE,CAPD,CAPCF,CAPB,Average Rank,Dev or Emerging,Real Drawdown %
Indonesia,11.6,21.9,6.5,1.5,4,E,-33.24
Brazil,11.8,19.7,6.8,1.8,6,E,-3.66
Colombia,13.5,27.3,8.7,1.3,7,E,-11.93
Philippines,12.5,38.5,7.8,1.3,8,E,-51.11
Turkey,9.4,39.5,7.5,1.4,9,E,-28.67
Thailand,15.4,28.1,7.9,1.6,10,E,-21.13
Poland,14,41,6.5,1.4,11,E,-22.16
Hong Kong,15.8,29.4,10.1,1.1,12,D,-10.6
Malaysia,16.6,27.7,9.9,1.4,12,E,-3.94
Czech Republic,16.3,19.3,8.2,2.1,12,E,-9.79
Austria,14,40.3,8,1.5,13,D,-10.45
Chile,15.9,29.7,8.7,1.6,13,E,-18.16
Hungary,12.9,66.7,6.2,1.9,15,E,-10.74
Singapore,17.5,27.2,14.2,1.4,16,D,-5.83
Germany,18,38.8,8.4,1.7,16,D,-11.36
United Kingdom,16.8,29.1,9.4,1.9,16,D,-6.57
Portugal,21.6,28.1,7.7,1.9,17,D,-38.35
China,13.7,45.4,11.1,1.5,17,E,-36.72
Italy,19.2,38,9,1.8,17,D,-7.91
New Zealand,21.5,26.7,11.6,1.7,18,D,-31.96
Mexico,18.7,37.7,9.2,2.2,20,E,-3.73
Australia,19.4,26.7,12.5,2.2,20,D,-7.19
Norway,20.7,31.7,9.5,2.2,22,D,0
Belgium,20.5,36.3,13,1.8,23,D,-11.63
France,20.3,38.8,10.9,2,23,D,-9.98
Egypt,13.3,53.7,10,2.6,23,E,-42.92
Finland,20,29.2,12.6,2.3,23,D,-31.35
Spain,20.9,39.7,12.3,2.1,26,D,-7.96
Greece,32.2,67.8,11.7,1.5,28,E,-90.63
South Africa,20.3,40.3,12.9,2.5,28,E,-11.87
Sweden,19.4,42.5,13.9,2.5,29,D,-9.25
Denmark,19.4,48.7,14.1,3.6,31,D,-48.79
Switzerland,23,38.7,16.3,3.4,32,D,-7.8
Japan,25.3,71.3,13.8,2.1,33,D,-10.64
South Korea,25.6,103.3,13,2.1,33,D,-20.62
Ireland,22.4,70.1,16.7,2.3,35,D,-10.27
Canada,28.8,53.8,16.1,2.9,35,D,-5.2
Netherlands,28.5,63.4,19.7,3.3,37,D,-11.4
Israel,25.2,77.7,17.5,2.8,37,D,-7.62
Peru,32.2,67,33.2,4,40,E,-12.49
Taiwan,36.5,66,22.6,4.8,40,E,-11.01
India,32.2,107.4,21.2,4.1,41,E,-20.75
United States,35.8,90.9,23.1,5.4,42,D,-6.57
Russia,,,,,,E,